userID,artistID,weight
703680,155818,226.6279546605662
801034,674816,339.12300537624367
872331,448393,772.8894008735828
975852,181501,715.3692727210844
563786,589532,229.22683114568008
680731,173540,308.6819463570178
580347,467336,2324.7285701451037
510457,683627,1272.0885550061264
427619,139708,625.6665689786181
582638,111351,283.28975847555023
677984,222168,129.39372623788313
763494,116583,594.8273549676884
565110,776827,148.71876353061094
229032,576192,133.34859051975826
789430,858686,17.034425216606646
792900,697735,97.15364761846837
806119,720021,95.58605809503817
185660,358492,1074.4603884031567
703102,892846,1935.5492094501838
886976,359964,190.78388874501928
228705,744225,1192.9411502081098
685281,168036,210.67786409280777
457281,676985,836.2132825459995
687507,79564,162.22038790202066
976288,853711,1840.943751902382
834376,660710,1588.3861307498692
652344,412048,233.30415984166464
567610,695522,1071.230030840585
757732,561824,550.859467910424
880154,289302,669.1370043954782
87420,368515,190.56145685487908
656073,500298,549.3987449695676
233136,230551,599.5083758440296
23425,168259,747.7078003791765
267531,712748,706.7532504003797
500785,600576,102.16965790470023
464862,681692,9.414781473400199
175764,731273,38.78896305021281
485906,682351,251.34844549894822
564202,830738,767.6303949141675
39784,432562,27.97729387375736
708871,945506,126.17478760260138
960886,124092,1140.2765596005856
617317,481574,105.00662946442016
432054,232504,338.3259267521909
888088,178147,218.6243741050065
827484,175115,745.0357386404116
101403,810856,414.05375383582816
198599,930630,698.3310219071308
184614,885751,133.94667899397712
168685,991132,155.4340990059583
360936,181501,14.666749134773687
594395,467336,547.8668531056626
960230,944806,397.0596957588675
983077,453204,163.382801978017
914527,19394,240.28484574127245
134594,361613,337.21179585713134
257737,322436,152.8824809451978
514611,742056,345.9407070300093
90287,46897,54.61974010946364
960206,155818,84.84545877070691
196165,323222,133.07003461748218
847891,545918,552.5038748877121
927322,634974,752.4475941633606
728367,610392,31.625907141431124
138760,354754,35.98632247099704
383577,43041,188.29108297102482
756469,203088,307.65092815578953
263144,419839,351.83858326807496
688290,810856,152.9693446131281
229999,173540,627.1227326003974
873523,71619,372.82885237367174
826268,477242,253.3077971301133
196767,405050,106.07061611324978
956139,429815,41.1222879163934
853921,247498,347.00424864714216
642482,209007,314.7784351702666
192054,947232,756.712995245076
991436,950081,2142.111997634652
402936,359220,669.3344101109107
73483,343176,54.465311550861074
665395,696504,180.73745536096783
94128,191805,973.9661362497935
733443,784640,36.90974724669555
145024,149616,800.8374862399598
87420,357060,295.9377011917574
939428,443963,460.6524009623476
845022,172970,69.26888989197039
73989,442208,1763.7469551418196
748236,43055,356.30912800194017
961715,780093,10.707433424003895
789805,753436,324.9867824562819
321379,361613,83.33336419143585
298171,137151,4.21140841874684
473629,964047,841.3064928192175
961018,278805,46.87673094522559
922821,845427,1174.8623378922894
746758,543648,141.33305612192174
199796,923116,145.96295922430107
567276,361613,920.3822856974224
787431,76576,145.57540304518176
809388,421331,6.151377483470943
956839,530632,659.0974296026005
645071,272457,383.69464641731435
497095,958530,57.65401627183708
303215,325011,422.5402284337527
616654,166845,571.8788649725047
402769,429117,191.04683330270888
387838,789786,647.208396874996
280445,278805,492.142434843614
921397,845427,317.12297737597424
5545,138995,314.2710012986796
269328,843807,19.063331939942664
815960,358032,43.017636676894746
581089,175115,492.324347045921
258600,343176,627.3222817987389
826214,124092,415.816663909758
511970,378771,172.74180423976946
930675,569289,290.13347019096256
235465,677576,665.5963663712088
826533,665162,677.3264081543094
63167,457602,311.8591713309987
749492,122935,163.96040354077596
115791,99737,154.4017256193359
348711,494777,131.95729372421815
457220,23763,1720.6475047029878
87432,873790,206.24891285941695
878123,935585,67.29214969330326
749597,695522,1279.0265141824186
155431,668467,549.122472067817
843911,156463,234.73689913930195
733993,301921,489.16247603361967
173252,259282,256.1264572738716
304970,40691,1750.531879662736
667644,930577,17.230081036432242
291936,218845,110.76113536405076
853921,208721,463.2692849229449
809698,172970,535.0610326098338
212905,342381,217.14533998196018
548651,879365,49.003834802926654
40242,332403,1.8807440444295114
629589,440242,502.29314514909265
572442,926341,187.4905038457229
862066,853711,912.0040268351136
690928,698415,421.8353070578088
880154,961450,596.604973078029
838520,361613,419.6201320052509
950278,181501,203.01707318561353
705172,984203,237.29881593195475
525454,282435,731.3856759704335
94085,697735,512.4063105104474
742254,887902,231.92458214839854
204933,736860,98.54061646499385
418840,22989,34.134353235866364
459393,302116,145.409903907552
387451,11502,662.441172902515
127948,443525,225.62196028484036
162715,975724,383.4386908954966
233407,175115,42.786485064507346
720908,172767,662.2312920279936
738689,940986,20.51989733781861
443869,159780,312.31619886705715
965700,158396,33.1221134013531
760280,430087,1711.212755203655
535656,699356,177.17160401960774
545414,64135,299.21035327845084
706244,184702,74.36272415717552
14468,530577,429.2641721550222
473629,831838,945.0981317712326
927895,156463,222.79709473357977
321379,569772,40.0988046647721
714063,444328,1894.1290709405023
413789,442208,419.11550057984266
328648,442180,820.682893680852
844831,825117,1026.1612782946572
652162,530577,776.501016143795
35301,581871,642.905702899082
51309,200862,169.92624601486395
690928,622212,325.1202352959486
709789,569289,777.7981029917805
307077,853711,212.86564840890034
583366,322141,213.22337772579183
770147,964615,93.70323814152336
485327,530632,321.4284917710422
390708,919754,138.67159816284524
500243,580528,55.959636365903535
105101,155818,336.50560491219574
592059,835492,267.93444823611657
35301,19394,847.9723347996508
609299,513102,105.09582566670665
922821,222168,1113.8324269205266
606675,118072,481.86134000648326
388163,576534,248.71411959505176
292139,795806,151.96331069103155
428585,203088,160.45566022027884
921538,866793,1325.6583611739075
269980,545860,720.6959816830209
739689,443963,58.69857314328167
544870,62959,1213.402031838021
230844,30048,2598.1108012322643
133694,429117,200.50531271774923
872098,65027,49.191625089042134
304321,88581,298.03574562499983
922821,670344,1060.671083931149
602086,417921,382.9043072289891
50241,929648,10.01010310972093
523601,940359,418.9757171816271
428998,477958,253.40454440947124
386252,490812,1193.898706416454
527585,530577,493.8250394868593
672075,203088,1673.84793651405
549879,719852,935.5701134669137
517910,853711,164.87662767223242
674938,923116,290.45262123794384
379468,839768,436.118666057261
629329,359220,33.71406415526785
738689,139708,21.41964897515029
836445,714905,417.6462485354368
728654,576534,137.14663167313506
162306,839864,383.46144724116715
677058,961450,768.0639294858807
696596,429815,149.70737584128767
865119,810856,1053.462783185339
702370,864193,383.478982194745
889386,342381,430.57369723082996
12778,676985,193.9121239645791
748236,683627,705.7542053322027
146050,882140,1893.7594229547499
860559,343176,133.12216579998034
501724,103828,294.47170653381255
629275,371227,198.145385814315
767243,810856,365.0279934436015
648669,720245,136.98420932516095
873523,352427,422.4940165981866
411817,419839,494.0746983465195
379357,528099,308.47300274494194
500846,156463,306.9935614825094
984969,107765,37.71965056789976
31327,753436,95.87054182838071
144919,59550,200.22629887586626
52441,825117,218.5723268074645
17180,531167,1497.6942277205915
113887,720245,1200.2343364427882
798629,366172,938.1880311732791
180375,257446,735.2364479631262
677984,998913,107.20566445102496
991074,244124,442.53331995800653
202511,404332,238.8769579900175
749597,817206,914.3468168971759
540926,146545,486.4387148051224
754834,341932,114.0716691479406
84252,558292,22.804996483187274
680396,707607,381.65102045840143
138343,732090,259.3207939124996
208192,558834,412.9157968571394
899692,259282,43.170049476613315
578454,685284,92.1371833283925
759507,875661,159.24350322746972
212710,206710,178.12089357944535
619310,337599,214.38206729807857
685281,860465,131.81472918055906
51230,697735,215.22384885885126
5545,964615,224.09936723806138
46049,322436,1223.2683140647455
560178,282435,3679.640162158972
865119,695522,1006.7584377124026
478885,693469,136.09464452333134
197033,20822,936.1843267332289
519266,918042,13728.007360738273
900442,768391,1090.271786006274
731718,257446,575.9271517378704
703680,785196,293.8296533365248
779448,637840,288.9666561243364
366716,222168,602.6074401614118
412878,853711,121.37418376356281
569729,947182,452.77206766784104
213799,750287,202.74046470480982
905328,289302,610.0068657158222
394550,969697,537.7748812657516
10146,133019,263.5935945540794
914075,481574,224.54459194009925
25155,306419,298.3350420002347
837400,637196,281.5414886009435
212905,741090,165.0508979548451
485420,276693,3042.1981133707354
617317,550395,138.51058666728468
471115,628744,84.39938161517688
308024,417021,9.563339076232682
368320,512900,185.8424572808837
901815,477242,473.8611904238436
704863,877336,160.50456164439086
780239,458201,233.17603488652702
233229,589663,554.0475364518675
448583,590338,217.030165495411
465371,720021,387.0973380675175
479968,43965,31.373336035365288
290643,2282,337.44346480041236
473629,964047,841.3064928192175
287882,625262,460.51895932867205
751813,156463,623.6422031426462
12180,158427,54.13216094137791
218067,720021,224.17598908511127
440649,683627,250.7433538330058
583366,290726,266.5853679207287
154142,961450,690.1371232091277
257365,110225,1349.3313004337786
425980,560212,183.9900817678479
162306,952765,363.77301242923124
717621,882140,265.9443919324097
941366,615562,487.30938791285786
926638,442208,8534.995028761865
805478,203088,1131.0126947650638
278830,332403,393.551513623236
892315,176088,295.25803354754595
728654,172260,159.02157450780192
687395,357060,65.68604395692053
23425,361613,964.5611950984068
996586,964047,657.6616180677373
13084,742056,58.666401761687794
914075,617660,252.03529063745052
303215,416657,522.241761282377
30404,668067,710.4832392419984
655693,956375,353.772446865908
572295,457602,16.098482762891376
388163,845658,295.72342646244203
275753,763239,156.0941270695237
508803,173210,76.34440869617035
320710,367555,565.368725603413
178036,632927,901.7949930319359
415534,78309,1662.3802809276335
939109,357060,910.1056180370216
233713,668067,310.8609888668047
616727,810856,132.49008354966236
694983,617660,177.85581400614814
897835,252161,809.4445437021423
804132,412048,261.03133599855374
377658,332403,260.95220249679585
386404,30958,267.62286568751034
776400,86690,228.6563846722269
133263,70231,349.51772054483513
909495,412048,87.25302855469266
527585,121800,476.6688834010301
3028,92051,544.0056032371176
91756,930630,572.9842030650469
367802,20945,898.125455403286
274002,720245,714.0823657523005
943078,161791,432.80390412897856
16583,325011,277.20372123212996
312559,660918,177.92650627904655
946410,306419,167.69786857230994
646566,88581,748.4414797656915
958627,357060,96.68541017217744
798629,947232,1396.712092154303
198793,923116,148.9841274349415
629573,116583,577.3467392291936
535656,684955,284.0072752576386
320505,62959,52.75007186207163
325302,853711,1726.4234312493147
139237,124092,117.51416743984024
226076,224759,1237.3765340590196
277770,442180,914.6830535296982
919883,412048,1276.5850637036212
202214,124092,3184.468941275258
385467,554209,74.243546468217
300804,685277,162.84585225978608
600619,611677,285.3160353884468
430771,442180,1600.17741030217
921538,259282,883.8558140661653
733993,301921,489.16247603361967
877276,831838,434.3134493483872
520152,368515,247.86529584953206
29229,543648,184.40944745041438
980347,887902,1658.8620417630952
314971,14510,1991.0563896969059
872280,731343,977.2603444709067
647391,7239,198.29154373461145
13713,947232,159.97945408952302
88536,47251,156.64705210938513
533032,442208,626.6908301861309
149845,453204,119.76692560624664
461374,842353,156.75173975673093
397925,352427,267.36171993993895
748809,765421,537.3855373881955
196165,975724,93.93591642686054
550427,247498,736.7294512785647
198812,964047,158.68431014551845
361930,807942,88.34699703091803
675367,481574,7.079800600754106
981277,175115,143.15905680084458
550269,461718,74.5028344667478
872098,580997,78.76086556127842
29341,714905,1101.9051134169806
501468,809910,69.8412743231616
581813,853711,397.97866975519446
687395,961450,60.05977455070401
468276,92883,523.8074846156965
623294,593407,116.56296655737388
515608,303318,112.79751209693427
968421,880878,40.939097872956765
52929,968746,248.52889141363372
393604,432302,93.44739132807922
494116,419839,37.044675392809935
52933,845427,227.69683013894945
49766,324722,187.96734032408258
751455,442208,94.09437831778023
711852,419839,608.7200285112218
5334,429815,210.40719134713527
652344,622212,189.01738684957508
616467,77532,157.11882867648123
400867,142649,107.28970399439292
584174,684955,149.91175227722573
60438,680503,203.13841760961262
30404,218845,605.9024367963084
809698,918042,1786.6268603510327
950407,285685,97.47096076451672
290858,865701,391.4472043500269
132102,720245,880.4460563102012
107122,810277,30.364747526740324
376613,95297,587.4986054007551
52933,838567,153.5166257390861
756469,85370,292.28612697088516
197117,837231,292.42944089731776
628474,143964,565.8398912152012
509031,62959,54.67100223509473
238281,146980,174.63305790082242
648400,901795,134.32440067696604
462373,918042,1503.7813997873875
190171,720021,2463.723345430358
438811,593896,93.74454950370556
705897,163987,734.8064870162672
886557,161470,794.5262689731334
948660,361613,81.05762228393154
428585,134783,147.87592453969836
154714,85370,120.43909958576997
381409,134783,67.042182696625
466354,325011,517.8030740704456
510457,361613,365.4373251684166
729324,728573,280.33808603027757
328887,892846,233.41499806889541
983454,443963,45.44294489961204
841967,155818,511.7816585973405
294105,558292,121.13412567168609
688082,176088,400.26276561528766
208530,520514,202.59292632148774
5334,755701,170.61322827405516
672617,904592,1432.0738537573204
445584,720245,241.04674407095126
98012,481574,320.72705446723864
757732,429117,756.4538371597681
651842,404921,205.54704707951004
179421,332403,840.1423198579328
696944,467336,1400.1787670542685
757708,805437,7.642688316109326
745745,85370,510.11084161861345
773773,578968,361.60628719254987
830138,83760,319.33417729538445
816529,427016,30.098289701210124
74832,85370,462.7991430532879
786606,173540,216.82190538586656
728654,343176,161.83545576404285
641101,359220,36.73260195718068
662690,59550,276.7542699647303
287882,720245,494.09309824640303
996946,581871,3193.2539134499184
831962,695522,322.2489867344866
980347,121996,1061.6081443314629
675367,285685,7.202777690996648
32513,30376,284.7909885561911
391289,765004,235.34861266114447
109353,712748,1911.5993745903838
91959,163987,6.781401331571313
329918,543648,450.3082982817622
865448,797471,162.15442644681653
674371,483285,196.77008503255192
217484,139878,553.4800950315888
923619,341932,1062.1705439466316
235465,677576,665.5963663712088
522992,683627,507.2067959105464
259412,918042,884.7149354743273
109353,894544,1283.206737288523
356813,64135,5272.444093978311
890152,30376,321.0562057681538
983077,359220,106.98662019946104
75683,343176,239.10023929438313
677984,132660,105.97331845711768
976972,318504,373.0797111104692
102809,357600,78.22817095294991
267531,936020,328.02693083224926
296720,905371,8.015073335580803
738728,579967,2253.478580524918
170321,155818,241.3197481248894
60438,772796,125.31380929521238
249667,232504,1067.0722927697614
226184,282435,155.869939503151
623294,245135,70.15555140434124
580758,955087,1139.5758531167019
504578,720245,238.03518186717625
3859,417999,138.2601984529185
267531,567422,586.2257901092665
763494,337599,807.5852903058747
748236,337273,542.0795340552787
46098,54879,25.65079061602135
179421,7391,758.1121240486971
816529,15238,18.770111973186683
249741,785196,2073.506525070284
742254,681692,354.24708425451144
149710,918042,3175.057081183884
943753,342381,330.5323520476436
565019,19394,487.70773609961566
239215,684955,339.64354443941045
865119,442208,3107.137458466891
189144,879365,40.983829374499074
285752,631627,154.27058261311404
82245,740537,77.12232337282738
612336,595517,217.1375110885363
943405,706119,129.72361387911323
314004,175115,406.7663464827709
182917,878291,624.9930424704062
98220,358877,108.86172903618323
887152,656648,149.72897449281317
525454,181501,433.4358702242823
307836,366475,66.80083563093862
889517,210547,471.57964389984767
154714,175115,168.87770679620874
462373,191805,649.2955401210758
87432,139708,303.36795115236237
993278,955087,3.3057652403683826
88833,481574,486.03394856977417
820043,853711,831.6007302707167
178036,419839,1124.4109784903837
23425,181501,563.1172896159503
152292,88020,411.8914543410884
872280,746858,637.2990783724463
235170,647752,97.96277539323991
157849,546334,30.536835122985895
870695,671635,585.2960427798613
475311,569772,10.509576936951207
119912,964047,599.9149536009222
229999,309284,401.70060743908823
434435,359220,219.75012175973853
366716,653526,577.0537005210787
983003,395742,104.1544782377806
462373,430960,526.1571704871814
385920,168040,1281.3758476988896
399241,110225,729.7070268143243
249741,83760,1193.9544689543857
255238,593896,299.55651777479636
642482,377243,339.8099593789771
583524,429815,307.19154309434504
921500,442208,276.4042281785891
443018,299201,251.2735184615262
915822,501406,534.4015490597733
578454,741090,114.5605053534489
725592,662929,9.305984158433253
299012,742056,284.1473144200569
35953,993433,37.544198897754924
388542,539831,90.38092543732252
987042,679564,226.7492762820986
461672,285685,183.6940843609942
551116,942223,100.24686889517106
904490,707607,825.5317709215745
245375,523230,857.4827182261934
777914,46858,516.9860743789772
84252,27852,19.506024104813704
141626,134783,472.7267103323231
32820,894544,850.594390889704
446114,853711,874.2910826547129
280345,595651,212.16346952632802
788707,110225,629.4804775371581
588774,998913,401.19317576403057
940112,892846,621.0842615643446
685438,325135,995.7094699360105
704863,203088,214.6297298146336
287399,695073,72.92793825130643
481517,965622,835.3791978414399
36989,252330,88.62759779456299
149710,631627,539.0483005411517
21197,8532,119.35177236912874
672075,707607,1892.3617710634762
904490,353431,292.5981551478436
778023,924533,381.78401328766085
721041,40691,3272.172049316338
621581,479451,1649.8104807798172
687507,368515,120.01773908283117
312559,753600,178.08881814636064
292231,358706,995.7739341549749
40167,685277,909.9239330617324
165064,792241,210.37086429349915
858927,200862,86.63545837040549
960673,209975,976.6845288902267
743002,699356,153.66505848708036
943753,706932,184.5530208786648
849071,169708,3862.694473958538
933875,890120,487.90530381362277
502855,161470,364.05408110858906
931636,866793,1329.7090964597523
689551,859848,344.56214592366587
905328,77532,750.8708182355721
864274,853711,674.0932019066922
854305,546334,220.0988452260944
912876,528099,57.87222424655786
801034,83016,213.49545562490437
641101,878291,51.210655738972086
160531,838773,157.08259513720003
456045,172260,209.62537726801781
820043,181501,265.52607020185775
980347,430087,1147.397582064285
546751,90870,467.46992797099927
472734,993470,632.5217953023717
572442,182948,187.75824313495457
134594,975724,376.4647161306878
278830,821099,443.60476509032713
303215,799263,629.9337602034759
457566,961450,569.1533736405534
268330,77532,68.61149508632263
651183,161791,3435.66731885062
784469,197265,163.34422090993127
538866,323714,575.0650486898942
396793,356630,317.4936482123373
55408,762652,1452.544567480238
956139,712748,37.40217497534904
950407,429815,180.3740439051969
539688,354754,502.4842196525289
488972,427016,866.1780312563427
679277,463579,1652.771076706854
717621,204071,150.84561525611926
147687,323714,222.91967231307723
344387,804852,456.53664005638893
646811,603814,326.17715832539545
106422,559634,407.59592871636727
400684,598237,386.12949267088703
83556,28824,130.59962987739567
857941,560212,111.29243970077395
921500,712748,166.48518277978246
155448,159881,43.89343967728884
397832,271305,42.42064746981534
931303,914322,739.3171786904938
693315,422993,75.31577455928867
960206,968746,95.99134854545837
841491,581546,813.4501536136703
560178,429815,2411.907170725665
135234,964047,740.1543789853913
220422,454172,191.63832619524106
461374,359964,117.07222249194123
930582,431405,221.1233200018929
898340,959822,71.6738308254095
537780,151958,438.46846389204717
745745,332403,424.71472140122
255238,785196,338.29029114824925
155813,546613,195.16660101638394
462373,853711,1072.5312275099745
810951,842353,141.3224002528068
428286,837231,401.0071929811775
363327,124092,499.77676477050187
517362,155818,545.7744365165212
676545,667218,1017.2798777937802
718811,830738,400.0699030539903
272515,252330,980.5798895494224
386252,720021,1187.784707194162
461672,845658,203.07098234854823
767243,892846,307.1197399193361
290858,429815,948.2998649757297
548897,77532,116.1268400129596
199575,858686,532.9477395508413
35632,172260,614.650808428255
921349,652478,28.100030408045964
548651,885751,54.12897175444998
764100,566781,66.71156795074299
206430,78544,1135.879600748532
822352,35691,521.5172216046236
776400,124092,727.8867838979851
381316,79564,252.22883658145793
155448,173500,21.877132276789002
626453,168040,6083.521735722758
879323,706932,308.68094256225055
625230,427016,319.8402312951712
550269,467096,104.17461215501545
364412,794732,304.0643636644704
777692,172767,357.8404117012145
917331,280800,1118.9107378350948
621581,76655,1457.9468061677314
676547,707607,292.8006029193829
994557,203088,703.1600662058818
363327,811014,348.05747895524865
44344,124806,1230.1359165458052
217484,139878,553.4800950315888
948660,825117,41.134471548231765
470988,407444,363.30609152671246
904490,576534,283.6834459939602
858239,617660,146.8512780039923
131584,541838,503.10401636092416
178090,197587,149.31892597068904
81638,626176,165.8877345410357
160451,88581,110.14950195283252
893916,366172,2.071910511956676
962823,964047,40.98791121424235
380320,418352,222.28120336450976
680069,279019,353.1783023615415
329721,203088,1844.8890078575823
338687,853711,3968.8217904683233
665381,226012,109.80529139657324
806610,172260,134.26832412628386
596439,682351,326.9249328971768
179421,168040,937.026324857977
502990,19394,404.23883559340675
402706,155818,498.2827031167665
101021,515894,1140.18129750817
173042,481574,462.0997083924525
329918,543648,450.3082982817622
208237,603814,471.4682182116518
696944,724817,1446.0506992579267
763874,697735,2968.1427639054405
185706,324421,211.61459922270836
956839,945506,481.2553672681876
980278,477242,150.78568247937338
388542,68758,76.05467829905452
229032,841918,302.1068226883248
889517,500298,416.31481127058316
212644,289302,463.88658248137085
589816,665225,66.25056077563511
360936,83760,12.97766710985871
39784,449050,34.72492251349333
572310,853711,726.537245598702
278374,746858,21.68399474853657
848198,858628,584.435678941345
931256,530577,975.6878123144343
865855,354754,28.27542368870482
826268,531167,938.4161180224833
933875,137151,905.3440669685874
224720,834789,87.13341071747583
109410,993470,435.48008447071203
862531,810856,209.79915436403994
473629,467336,1260.6752227293837
645088,892846,793.7400467071097
606750,203088,609.2199589328328
105101,323714,428.3404412121646
714063,595651,2048.5906185239237
994520,94700,108.18450909420959
930068,490812,459.84742951547815
611929,603814,290.58970023611425
767243,837231,230.86366313592046
314004,433133,757.5994342785804
160451,88581,110.14950195283252
128643,120514,313.3362099370425
263666,936020,102.59494002177576
329721,395742,902.091428545231
500243,166932,68.78653913617262
956839,209750,826.1445868022392
495790,137151,1351.3741287125204
97664,175115,696.3960961247559
953808,71619,275.4432518972876
139237,271305,62.00567518665283
235465,166845,640.1525916939836
345317,960105,455.18901990773196
702113,155818,2000.523793053539
936230,720021,62.48046042528065
996946,256944,3959.890755258367
494923,203088,775.0536393832855
387838,419839,860.8762878076321
57955,882140,238.9200820866014
9072,968746,313.5315969654763
189144,849673,44.99718953661997
259412,124092,328.60433060024906
280445,445880,344.4782404833185
614659,860838,507.83431335325713
317525,133305,210.44451442324066
248522,421230,747.072866924263
208084,707607,499.349852964497
20501,720021,379.92754652128025
200749,422993,1659.3668585275705
60438,7391,160.47578135190236
239119,531167,996.4224673299196
214829,368515,276.0719216430484
717621,720471,171.6581646303321
16583,161791,401.9178830898953
149845,161791,153.5685449056799
708871,945506,126.17478760260138
594395,200862,184.35736970417946
962823,266299,56.01307273903019
783758,244124,448.7146141695443
456045,926341,235.03876500797205
939571,181501,467.3470971821896
94085,33540,239.80550065652932
677058,481574,483.7960610730251
261329,558292,486.8168951577164
738689,636297,13.430720491949394
939238,347465,1.016868370053143
811101,841332,1133.0072098987882
393955,404332,353.69378034430133
183541,660710,275.4755341468065
583328,955087,553.8544890298207
342670,467336,1505.2971579323066
869053,561824,429.7846973466297
759507,59550,168.89173495260454
285752,978372,179.95561513850814
520152,417999,329.5080021024439
166096,779403,206.25948485221807
23413,458201,9.00544444785613
33893,12052,99.16975580852537
863527,124291,61.13244188314208
255026,947182,352.6031371339846
252585,349340,215.85754352775004
550465,926341,412.1129865589546
676169,817299,172.96455985592584
714512,11502,1133.659146591515
375550,648994,948.7543943378781
940375,353431,321.42837024279225
946410,493058,176.89092999110727
535656,244124,309.7720733279281
387838,161791,1009.5743196828967
690769,43965,392.643783394593
778959,850645,93.27979976904156
878123,941421,43.60587265746896
930582,161791,223.90698103543872
32813,442180,58.699732210293234
877034,975724,177.36038796647523
405415,209750,2040.5874768035094
802814,437750,507.52409169974567
138760,354754,35.98632247099704
769063,33540,247.06797496272233
369563,308431,97.7935138282774
863527,55333,62.68079856820206
229536,695937,598.9486960808605
553919,298381,10.191598825466238
307077,173210,85.93292502969926
891024,209750,1283.4672438560085
674371,71619,298.04934489423664
679277,731343,2100.0323389476093
208237,131361,613.3061172677149
494923,203088,775.0536393832855
670600,510309,170.61064619648613
87420,322141,263.39513332490344
484907,203088,73.64979358495381
141626,467336,800.4181280589576
643349,85370,1033.6805147803602
804482,763185,103.58935526950242
46079,124806,144.53560308005407
920883,882140,432.66247605626353
221082,34924,277.6347790934977
148529,68618,465.06560035990344
835455,513102,138.69991108024945
821723,744225,236.80641300264585
381742,454172,249.78194227161137
84252,419839,30.0862582996814
674938,165206,108.36356498439378
713609,33540,352.8680299562946
35301,569772,564.7476910963387
323213,943114,539.5997918323304
320312,231924,139.35315060894237
406426,742056,93.59142831706198
54907,279434,93.25411031738159
648669,99737,131.85389029505768
343297,593407,118.70763065205841
936489,173210,251.6128639866551
739689,207572,74.70032067868462
983454,943000,30.912808505754565
328887,11502,227.8295539731622
984969,508732,29.312080179232012
415685,175115,1201.5134320065122
154611,372792,3.1546452375857292
788474,207572,166.46040351958635
10146,429815,335.9118140893746
5334,911765,260.53961483076665
280345,500298,175.2899211870048
198812,697735,159.2220285305909
168383,475017,282.3583494130176
128643,252330,330.05859777287384
367242,737971,164.2627908795359
227356,701088,156.06011245269863
962823,689022,84.78538808496977
360936,765004,14.026111179222553
825437,845658,595.7234239479434
314004,785196,317.8288087210552
983077,710003,168.59041645211755
956139,124092,51.21320953191797
9797,62959,677.5032183749821
427619,139708,625.6665689786181
926285,967776,133.51379734733905
841967,918042,3707.3208780515906
956139,156463,28.914447228201784
983454,117240,42.21285016215948
197033,593407,891.1366314334476
238350,313852,995.8510248049716
292771,683627,306.98589125548153
590674,284898,48.27435379941372
652256,120514,196.0685417477104
379529,175115,475.7683216842193
831804,601564,362.3876939026678
300740,442208,2839.401798165916
781907,239589,371.2506944179517
477165,918042,7640.68849767996
950278,182948,225.0448741059267
72732,276693,62.255615751208616
734572,357060,204.66865635933684
541390,134783,311.58387350824773
486723,918042,3193.7189615641178
680069,83760,247.46546637911698
300740,617660,1150.0061620207794
249741,810277,2248.6052499594916
784623,166845,647.8146547215499
255238,407954,208.57438136405267
52933,172970,240.12183078115697
715340,59550,130.70743113621563
318613,968423,54.09425707533074
996946,419839,4208.57120746767
170321,880878,329.5670486776405
24356,936601,787.4792744149879
758559,373880,87.75013956106402
995474,685277,809.8310134537502
950278,111351,268.8328860184666
218312,528099,550.7575998287366
518921,442180,1189.6587202684482
445584,202503,266.3600017018555
641245,154970,1128.5434028739894
962823,964047,40.98791121424235
580763,325752,312.77756911960785
891017,43041,537.0910566264292
588774,880878,564.2103425261471
484907,134783,68.92602201286475
102625,417921,1872.387097218134
435858,631627,263.9026293914866
565019,676985,556.0353477863654
15762,397791,12.193815431411442
952776,83760,221.6497199891811
321831,841918,2497.9014510488355
9797,244124,747.932625684036
909826,569289,1536.3915505892933
702370,230551,461.96615142860634
436879,530577,814.6079845825172
461374,668067,152.12479066350363
931636,990451,1112.9453696342787
511164,991841,1025.24865047269
552679,580751,111.00292711103705
896821,181501,486.73795484988517
864274,831838,335.8383333193112
558817,539831,172.79765270849376
338687,683627,2291.2052172235312
68322,807942,58.372207497788814
490549,99737,409.8965234160878
635419,918042,623.2569433393371
784451,353431,149.48123943546318
321831,926341,1313.1517149516003
278830,716602,258.94738336558913
781907,239589,371.2506944179517
756469,133019,179.25602983178896
154832,231924,399.48272536529663
845634,465904,165.62563845320042
393955,546334,434.40222952286405
307836,285685,84.20684109137731
372854,217961,278.6172823262572
380320,582264,259.7616265340598
138760,786341,47.431206291248664
932825,161791,813.1127124347538
475311,392334,15.555302981302567
908195,680503,109.75234783371711
119317,974267,362.4386096628426
239119,977491,401.7491277775404
572310,789786,485.3595932442165
642984,366462,846.4945545875978
198599,866793,915.8571988533864
308024,417021,9.563339076232682
763874,128283,1905.2508096706288
514757,22156,609.3261905872541
858239,34924,113.64520188734865
97664,200862,228.6328816473687
684086,466274,503.5962346526675
160451,88581,110.14950195283252
287399,372657,96.021340112689
164135,337273,1155.53764626644
143176,880878,317.51981766673373
145,430087,146.30170492924609
364412,681692,347.6418537504613
884287,853711,240.9121056629657
216482,71619,876.7022574841856
662733,759621,398.4991847876276
299012,850104,398.78494140609854
583351,880878,113.44000775356177
416958,943498,233.4939335918384
69792,733553,286.00757389084623
387456,595651,249.09331319805668
243896,252933,202.14091669933413
152991,361613,143.45006583472895
858258,568205,268.43272778974153
46049,894544,1376.2419496797693
502855,442208,2826.9707698786906
413862,442208,467.4386366170491
50105,278891,459.0358238550247
863817,998913,65.93042166296435
490549,422993,343.7248340407178
656748,840981,1065.6780213787142
562020,965622,809.7941100621596
244421,530632,294.35072173460907
559800,43055,224.6613313217317
549429,853711,86.39789648005838
363327,837094,340.28717198591585
778959,353431,126.97887264988094
978744,305866,227.94551963569043
833290,694628,250.05592303478997
939571,361613,1302.0566540433076
295282,914322,107.90989635856656
777692,693469,451.4089903424264
588548,357060,531.9441059466146
536001,814031,20.78652874957327
321831,690691,1252.2101665573675
764148,969697,1920.1984875888625
14688,655018,1040.679787795
144562,765421,194.9770751095427
107122,311506,17.729695668970624
812593,81663,244.31748764201404
624871,974267,11.323620397335779
674938,817299,108.41003355892693
110303,442208,1295.0622899220825
619310,230551,147.8667798992433
886976,595651,348.6670588701957
292231,357060,1388.110197056806
863527,19394,85.23207181251792
927895,785196,220.07875329494914
175764,845427,39.43986845490673
888338,176088,303.09116347542107
742254,427016,183.74085420594022
324446,453949,510.34674609833206
652256,757587,382.377785798065
680069,720245,347.0069678721043
784451,111351,116.82287457631875
677025,631627,60.60100780375053
296676,923116,639.6817573911444
341782,222168,260.95470469558467
27282,685284,405.001215082147
494116,155818,33.38149265311164
447121,528099,552.3145039038118
510562,230551,353.2156841583563
677984,124092,117.54806682481428
214829,546334,259.5313729418432
209564,405050,39.686782575798
726374,912372,263.01508517115815
345522,235559,468.11323670922593
118098,513102,1291.1107414767841
786606,467336,350.46364317853454
17180,913809,750.8149046222991
889399,853711,2563.0617795472754
846172,155818,152.82987581126267
67558,307791,3511.422610331406
929711,710589,1183.3660226737675
698431,693469,1499.1742078415582
488932,992122,370.7724148066162
541424,154970,460.10647558573555
160531,75840,183.59910697126742
168346,481574,283.72839192543495
447968,418786,499.48720737128343
663510,161791,727.0053499187676
435858,97764,284.86488616236545
805478,442208,2329.7029287376076
551116,676985,105.17366565888837
792165,467336,151.2432128038834
30144,250431,206.75231352860513
1539,158427,837.3841162197413
982806,660174,147.336541921034
119317,24488,622.5578525314298
417037,323714,98.97735610418667
617795,728573,146.70305354070427
213860,579967,45.107231692665195
783042,528099,399.33977996233756
820043,576534,230.3880299472867
513869,720245,312.7742315186748
292231,720021,1295.1459395217148
872280,821099,919.6338907208975
418840,546334,73.34757750621336
24901,467336,122.31857528324502
945432,887902,62.23814424310969
243588,121020,206.4672255762771
782334,615562,162.09986144889194
961018,282435,83.92757327607167
735011,503267,343.950326840017
395918,558616,283.83702744140146
82245,825117,70.30465994610032
40167,222168,1109.571794233419
187469,124092,1035.2206868241817
59627,230551,220.8285070075284
173108,658396,323.9812843244283
280345,312649,212.28290519311182
537780,151958,438.46846389204717
792900,842353,88.37900061968924
249741,683627,3179.9006411823943
109576,681692,178.5434101388835
994520,62959,190.36740017043178
676547,383272,198.0020843311633
377863,154796,499.31443369500687
387456,782278,214.05727509281792
381409,842353,48.15104682275113
22741,619680,19.12370909747181
978528,578968,1081.8383567476362
112134,15238,991.939420710046
916590,19394,173.61503720543882
200749,652478,3543.5075010040173
940045,50627,544.0209564934371
457741,82472,1117.8810923186109
999975,337273,227.46349112705934
702113,124092,6696.954431246075
445459,617660,473.7901381567217
560178,347465,1517.477932393151
927331,950005,1994.1883691047851
208224,837231,241.14438938161996
183541,268162,180.16958678777007
572310,586320,320.2633195363171
413789,156463,249.027486185111
272968,853711,397.86537865707885
580758,579967,1108.452188316899
971290,15238,921.440874018003
428585,134783,147.87592453969836
127409,251377,314.8576201444209
772157,124092,1599.7026647286516
300804,493058,195.06005823054826
834971,761992,139.24053367222245
146170,772796,1293.0770176306132
596916,442180,396.33056277428364
694461,833579,439.6278488258036
687395,357060,65.68604395692053
226076,546334,1844.129507944049
878123,50627,37.577658984540456
198694,397791,837.2258854066959
670600,510309,170.61064619648613
469180,610393,417.1811874174908
572442,716602,155.48597633269017
237425,62760,288.14979949663115
999975,765421,150.99298686350733
826214,124092,415.816663909758
351038,682351,934.2509725642213
708871,358877,218.5057581147401
893916,464465,4.8891276021086805
202173,531167,133.68018585410917
40167,853711,1866.363787819213
980347,13960,1321.6797066778631
553396,247498,310.34296366778267
845632,618540,33.43303805194429
386252,979791,724.2370151922228
601817,843807,695.3232088792795
204933,27852,106.4799315057407
578454,231924,161.5864624008094
983979,79564,285.78064778930707
767217,752391,925.4105583521224
178036,707607,1459.2890139690692
572442,817206,133.1301036139356
508803,944806,101.79236691458912
217877,779403,365.27266577625085
860559,378771,143.84475899377202
198694,442208,1866.8765730087698
13084,944806,68.88826370122018
994931,220331,167.86805743015768
489729,629128,206.93412874590229
564202,429117,680.9137168359773
617317,902478,161.77629806943222
452902,449058,161.90917615148544
820777,417293,325.1451787844395
784451,707607,298.7524392461166
509937,194983,204.30038647359694
518921,442180,1189.6587202684482
316303,442208,915.5522935371906
583366,322141,213.22337772579183
500846,404332,362.94464429670205
921349,593896,18.389717807236725
589816,200991,73.56793516615505
838702,892846,156.10169154039656
777914,945506,519.3066311744932
536265,622212,120.30110559746595
617317,481574,105.00662946442016
834971,500298,190.84258083813148
991163,825117,111.76154679736287
235413,154970,1009.1409015041983
485327,563716,505.45856967541545
143176,880878,317.51981766673373
104494,493058,881.4813584844702
846172,958530,177.37871061003153
183697,419839,709.5357797351179
208237,984203,507.2166471142914
182917,772796,320.15210793031144
307836,578968,116.1917442240735
21485,697735,802.3537710802543
662733,263311,428.67227074360056
633800,960493,46.30688119184681
804583,59550,1056.6031290595151
518855,165882,696.1101470697236
239119,892846,533.3263655167259
387451,341932,1053.6598931348565
365616,68758,115.76509257045544
173108,530577,538.3280328360105
867717,776827,1034.7035447005765
300740,810856,589.3692421678827
405415,166932,1967.5283156012897
150265,122935,523.543186564265
226184,193033,97.12478870736729
887167,62959,73.896137823959
533645,936020,565.1884545212258
320505,357060,54.15909846347243
921500,849673,91.95862401608468
548221,610392,539.2307109391057
368452,467096,889.6864510740998
363878,230502,10.829939449799596
212256,284898,1418.6898048627152
980347,419839,1674.9475494174533
943078,974267,484.08390305505543
779163,203088,1258.6479949765635
757708,528099,17.436675935877098
583085,6139,571.954712205859
30727,217762,715.035447163271
561339,887902,18.908923030400988
909495,693469,99.0503602836825
374572,134783,251.27904748184022
884287,134783,32.53051497210152
901815,155818,553.0805643996204
477165,926341,611.083481148319
721041,292823,2380.215896459907
68322,45981,34.722040336687925
951876,263311,201.21538519080607
875919,772796,28.9652989128088
632109,364227,1607.2246544282675
773773,885751,213.23813055363183
956839,11502,674.4139367227699
301337,361613,661.0778046054173
675367,969697,9.524821822852944
145284,379168,367.392068753182
858239,222168,117.08798203460361
102809,132768,62.71637222071269
136343,707607,118.86299151330097
873129,720021,661.3702230339959
743325,166932,780.3737576063651
344387,322436,703.6765451869262
280445,361613,634.1871260727476
83556,175115,461.97855677166507
220518,362489,260.10232607806114
185706,944806,263.80982376337926
750533,768391,738.1529679242108
834971,733338,214.8181657771654
107122,33540,22.686366546335876
757708,828986,11.340809093331211
879323,417999,568.5160263580443
185706,85370,348.4794260061498
387838,358492,950.3146480031421
152481,421381,43.17334783252588
435311,530632,130.2178617051545
385467,890771,52.441013880058776
890152,64135,584.7852215860621
909244,838276,319.71980690885823
749597,811014,1252.624141546981
833025,299199,298.7325013349281
515608,701088,222.72063818004227
194857,449050,767.2960304193418
617795,481574,152.53669219636458
584862,681692,746.5561678835863
890236,912312,672.6570974293237
749597,311506,721.1329209875868
217484,121800,578.6769076630138
546836,68758,232.69824421310042
615851,720245,192.174807613029
202173,341932,83.3456797056794
547245,337273,700.0252487642109
130948,648801,398.1597208291067
24807,494777,58.17291421866641
819064,22989,929.6493264299852
499564,706119,464.1399855805987
310461,531167,4455.855789912757
676547,982698,147.81126800124645
405415,352427,1772.7949837836807
625230,99737,350.101722864264
308469,510343,355.3598366273081
609299,203088,122.28982391811863
51230,817206,120.29014896548462
227356,361613,190.16560867964012
824555,639983,224.04628801341335
933875,807942,563.6533626774557
208237,172260,622.1113789134557
782910,855224,177.04486962380142
510562,22989,252.56206186517136
917325,768391,110.19909041123641
425517,508949,254.85136113641863
223302,513102,6.003438659231856
233229,543648,766.4751303258349
307077,222168,121.71319730910987
958627,890120,46.61620353317768
889399,461185,1026.654778149693
749499,767751,240.57594216900011
46049,789786,1067.6526785211506
137040,720021,2778.520615432273
88225,626986,480.5708566917471
788474,207572,166.46040351958635
120748,944806,61.20471377503536
455432,280800,591.290603435674
798629,501406,764.7749342979591
856725,505424,271.73996580128613
694461,365434,351.0997781153647
569729,947182,452.77206766784104
444135,337273,696.388408332699
619849,915961,209.36856791119737
377319,944806,63.426541029660044
550427,720021,920.8698521211427
51230,853711,786.9067391923018
374572,656648,124.72985071087083
12180,34924,59.27533257475061
150265,660174,371.75381312504754
227443,166845,954.4340744950223
314004,332403,374.4765411738055
135153,493058,206.73033672385614
91355,71619,420.61793569552435
301186,361613,2912.4032950711076
195691,853711,768.7372417127781
174752,969697,317.78368259318427
336630,717014,31.056317847574103
191061,896897,55.38523510093224
602086,955087,251.10946507256665
992466,610392,96.69864000738762
633398,959822,174.0543459004673
655693,419839,397.5864361968423
572310,467336,534.7746998827217
993698,845427,539.713359156685
12778,508949,165.1411991051963
370851,81586,507.67083447064795
568086,733553,268.6301783353058
101403,810856,414.05375383582816
400288,127368,494.2600733703477
202214,176088,2124.804755313525
106743,272463,270.26833196356404
117383,426319,115.64571916234127
804132,163987,178.39779621556985
233136,745054,531.9660158813778
103719,595651,272.8442014136675
857999,205688,321.1891685643771
522992,285685,352.5845400853062
830138,467336,619.4781490859799
387451,950993,614.9759016653492
992466,19394,107.65385745687354
593103,427016,126.59930360656021
784715,662929,648.4456713540188
125115,357060,17.706912995872706
523601,327235,577.8564157098886
249667,98678,639.3136543099845
908195,158535,203.82823761870713
179421,683627,1927.8606344044101
725592,313536,6.986413045756914
235413,59550,1469.184970454778
385510,560212,1845.599003283104
495692,139045,208.94722682813546
271278,490812,224.81971121725869
887200,429815,1572.2875186751091
169645,343176,64.84595757359723
983674,414172,507.4809974070386
889399,111351,874.7721025875325
729972,361613,1700.7536747690635
980347,197651,1651.524038932542
213860,356630,36.06388240345511
685438,918042,14745.09187953698
173042,466431,602.9033109315468
454428,354754,259.263588115876
385467,298381,51.55268804044812
590674,760269,34.23641883924253
567216,772796,252.77165043121784
40413,313852,345.6137540642224
279138,337610,277.2200593928985
135153,853711,515.7868153926464
143176,878826,226.16327780546254
871393,918042,1261.0584186277433
25383,765421,489.03091316912304
779448,467336,375.41829742468934
113887,831838,771.6553801540975
70420,417921,26.26840337424599
154186,719321,4.840817941738303
583085,419839,425.2544406592157
179421,325135,781.7061984049622
872280,203088,964.2364829096209
753692,660124,38.65068289892934
544870,298381,1243.454719434283
326381,21244,427.2882868410051
212644,865987,276.14552945054817
398903,628744,1239.9835528670121
939109,375031,776.3740096267683
435858,244124,378.49004494122937
915822,610392,771.3898069536142
617866,740537,3.656140877128386
24901,172767,65.48581793961476
472016,158396,514.1201860224621
117648,85370,918.8943469922305
956139,161470,17.690374580274288
101403,634974,304.1240625254664
921349,600576,32.98311256236332
784623,219307,617.5802975704012
909244,166703,269.88210579688933
662690,880536,285.6189333653916
275713,974957,220.18225976896562
674371,865987,196.5981228419695
550465,30048,427.5683971047155
987042,956375,364.5138474337608
994374,563793,19.121640956931852
264895,230551,18.6215959643845
132271,873407,499.43896248316526
497095,175115,230.46012441152862
663510,324722,244.54120006046412
504078,712748,846.8881837025134
166107,404332,148.67152573206755
580347,467336,2324.7285701451037
349749,120514,199.04702136563532
314971,121308,2091.643867139893
607890,843062,69.37171658319666
738689,695522,24.245557792254637
88833,369424,511.11524926210075
927331,81586,2590.6796822384845
701078,676985,24.495269439699726
798629,720245,1492.609595189933
98220,940359,79.56507701509253
12494,169708,737.6046796537751
890236,930630,345.3372225704626
14468,675314,273.2541777796333
92970,697735,1269.866117420198
830138,442180,562.8701423538809
705632,569289,116.89106418076653
857999,569772,226.04999513324876
534751,853711,1602.5419953730582
506480,247498,1090.9555111223344
322877,371227,38.58695318505994
235452,359220,353.8095239060274
132271,138281,379.82929179732105
134594,46696,339.47942296785004
441435,682351,894.9950434641274
558817,528099,278.45244763991775
15762,189673,10.58394629464102
687155,823729,582.2791021315535
531278,830826,8.404170993961324
145284,790991,270.10099096015557
954515,845658,1478.8985382245264
178036,181501,1044.5334968040634
995474,843062,1049.1872619445548
778023,882140,453.8676496335258
700784,606225,476.0618102285006
665381,737971,106.43207629942363
541390,134783,311.58387350824773
198793,322436,117.63225663904473
326381,610392,425.85723810897775
770147,133305,111.52042701113186
933424,780093,11.902318720906202
886557,395742,700.4783018764142
402936,913129,551.5707213602738
189623,467096,93.48077705657907
74017,482465,322.9683838703454
71369,728573,477.93282494192283
991436,916093,2727.842433193503
583351,161791,130.60761671446997
46049,956375,1131.904812088886
613750,513382,115.85978676534947
527585,154970,240.86773774369416
770147,842353,187.20885203361664
951876,211286,212.58136968321202
959850,580997,159.23910224177013
837400,809762,318.0184018538878
798629,124092,3144.7312182783653
508580,442180,451.9570605799933
225106,589953,161.5273903143162
875987,161791,524.5937274014369
144771,181501,376.62311009548245
476123,197587,448.3969321522577
872098,173540,76.79594056822641
271278,921639,187.77686480521817
821622,991841,213.22444071611037
153473,11502,302.83131384140694
819316,923116,442.14942857198776
485420,653526,2980.2016630596777
749597,968423,972.3947786683017
589816,166845,95.37361335418636
88536,90870,190.61143122932657
492335,313852,2732.5461453886332
764100,66853,89.35945531068684
421038,6139,274.3945435655599
965592,835492,159.2298673453662
909173,576534,406.17084296098443
836445,714905,417.6462485354368
72444,119506,179.9755749065358
454933,19394,697.558613788965
498989,158427,649.8604440539599
918090,720245,152.87898030991687
855085,644221,706.7169011872109
875987,755701,344.48855540786326
425517,419839,268.05479299623175
160199,671635,256.3398155996009
590674,239589,32.94665625040663
399905,133019,236.54745375726574
699658,178147,311.557349849908
599046,825117,95.45779978241407
263144,558834,419.94284415959584
940375,359220,476.53179938145735
499932,865987,391.09408340025976
457220,984203,1188.7818892266575
352318,827034,76.63909150120814
292139,327235,276.7501018680198
718042,918042,753.3668975279522
652344,412048,233.30415984166464
539688,716602,353.459976961102
569192,657582,265.19853985610223
589614,776827,263.6746154777244
792900,550395,96.95644254391212
653180,342381,342.5565420271662
904490,134783,413.13365169418296
55408,538378,2775.8504890818917
220422,837187,99.44276389123274
709535,950005,48.757988886362924
417037,392334,96.16225844401299
88536,742056,195.6575393215248
12180,600576,98.09292048547509
264058,740213,207.55904220987904
23921,689022,66.97197185509482
339740,885378,143.81255650758067
594395,134783,238.97992050121474
748640,92270,461.2112925529881
517910,209750,93.99917315910714
446114,181501,512.1670330627396
705897,430960,828.5970108939722
67558,395742,3510.744132686369
439346,343176,508.9525075973651
828331,161791,566.0751084641039
892491,200991,322.9998606414762
931169,298381,276.8063281704888
189623,640865,94.17388400825297
397925,404332,255.13410969706038
956839,731646,899.5750664002817
36970,660174,515.3382965562463
106422,559634,407.59592871636727
141927,618578,346.3223089047265
391289,955087,339.59361583974305
263666,689582,115.80311921246869
12180,600576,98.09292048547509
489729,850645,352.18832588078504
789805,652478,384.76455451598235
491298,279434,3.1637996752658157
572442,337273,247.55883073879264
117648,660710,1160.9438002150505
280989,414172,92.32797561691191
328887,90870,176.76119688327375
317525,132660,274.29703310518835
322417,935585,628.5050864823618
85151,785196,61.23757134884807
38878,918042,2375.4437495755064
731718,232504,678.157024575651
607020,107692,336.3749802149373
403396,618578,13.863640145389784
920883,354754,362.8589544709327
98940,366435,559.899342147268
229536,212366,619.4153328974741
12778,975724,159.62234569681485
509937,998913,208.26838083303403
784616,3894,520.5656543648072
877276,668467,287.6578466040006
784623,352427,609.3561339071749
632522,742092,275.42479265390546
400288,222168,562.2181294458748
382421,209750,481.42053100096484
669256,442208,2267.948671838776
805478,683627,1537.0574559737588
199575,850645,494.4666704764281
429368,212366,183.64918666160446
502855,853711,3508.529517386861
679107,384028,40.24083238795625
55053,895595,85.62246125969116
675367,361613,13.065505370181727
672075,429117,1257.2523422403563
790888,168040,2062.1830599620125
927331,109628,1862.612330952212
654489,202503,527.2430665079759
139237,354754,73.03583758929285
152478,203996,100.60432753687647
259799,710003,285.92570973990297
8900,964047,334.4129331029671
920883,660174,472.1138178915922
55408,682351,10171.902952685447
314971,720245,2618.8541534351602
270111,415782,303.55483773028527
705632,569289,116.89106418076653
118488,752391,320.1620767971365
923376,309284,204.46917230943154
185660,866793,958.0824263596701
72444,890120,232.38188281443556
30144,712748,522.6734122339807
266071,28920,125.06817425694942
984969,252161,36.26249098129097
40167,311561,1064.5895582223695
173042,601908,636.9369428030308
102901,543819,139.82234602885237
390708,845427,200.0448135952761
30727,20945,638.6718968964859
143176,78544,285.652414473211
709789,958530,545.848340190154
160199,390190,289.909890165893
960206,85370,162.25230395692816
161042,962732,347.4973693950674
402769,926341,209.23988175519264
202335,617660,755.6526849724324
642482,246334,386.0483387223679
519266,63682,2218.7412250733496
312559,913809,133.5396391254173
238972,950081,150.98960933240156
325302,155818,763.5960283719216
267531,964047,407.87202657285235
508406,312649,297.46804641075425
960206,745054,82.12355491876782
994931,814246,97.14008774140004
820860,839911,445.12079398269515
32806,940359,796.4323414457508
424504,546334,231.88704087467187
314004,442180,425.82140944538304
837172,442208,2645.735642154986
393604,453204,178.35173622442042
224720,95297,101.52596378577283
695893,670344,997.34442155585
393955,85370,535.7758586940008
367242,431125,110.33932502602251
711400,887902,847.5466177271425
484907,265980,30.03993043913783
646566,64135,1254.028312594496
102625,24488,3150.570916205988
888088,676985,211.14638774805135
681518,821099,299.408789795307
749499,230551,245.44798063966107
728367,322436,31.603671425326823
787676,672235,240.80249671163423
978528,429117,873.7543931193386
677025,508949,75.04439295938407
91756,785679,600.0581286970204
549525,853711,1243.9098771772606
787417,359964,390.9723638642066
923619,270910,585.886326060731
400867,528099,206.5211464270433
737755,957839,119.9550931321501
74425,589532,1528.2442200887488
568086,936020,160.50507240824217
890113,853711,33.09628764479477
235170,569118,113.14651680274791
536265,528099,188.24678908916644
530390,866793,566.9782500620029
977079,313852,393.86606584971463
389769,875119,328.56077436451176
428998,49726,301.5938619416239
97664,821099,347.77003565147413
575204,252161,169.48128120146782
699658,528099,412.5091357554139
791435,70231,199.75490741517638
846009,85370,357.5096045462623
721150,676985,125.91544050164214
275713,111351,168.57851468868236
194857,412048,790.7006702021964
170550,402992,1101.1723874809923
723044,417293,1146.7945722136437
754834,244124,90.20981401909665
822352,199701,596.5963582485351
235170,352075,135.2098873646909
177443,964047,438.6378949817065
969286,64135,1077.976067790522
987325,181501,1293.8318370096722
617846,828819,607.461212918996
33121,80605,329.1652497036109
956839,11502,674.4139367227699
367802,265964,571.2716864458529
888088,404921,204.5683868293768
678529,133039,226.55958595623224
520893,384028,318.08271062107826
809698,442180,870.154264285134
165614,175115,21.373298801326033
736141,831838,283.9351305502614
96798,807942,182.31151041744198
973459,352427,416.4602796973069
237425,157172,408.4710462400762
809388,49317,6.030448652420004
545414,498393,159.37204301373745
208084,477242,290.345512613743
994374,701088,40.959132423048665
572310,442180,478.04693937714916
640518,59550,792.9407725783182
83635,637840,626.211386778032
144562,173540,280.78653581921316
776400,378771,329.2631669939835
16583,528099,447.16272487237546
190904,268162,10.120789109082626
893916,124092,2.781004628038052
179421,926341,762.7042596007542
701078,110225,22.81950975243676
202247,467336,3881.6101438778805
930675,133019,289.27998584737605
852394,85370,1007.6297403342065
177443,746858,388.32190130942905
562020,530577,986.632138663985
197033,748799,1540.0786706470994
82245,853711,188.04066478199104
500846,359220,221.99102668373595
413789,325135,264.9025760031302
879323,989717,836.3387633061725
202214,779403,1956.3790916348798
130226,617660,243.72234967546765
271278,15238,225.85572713109008
994557,134783,482.0332613083766
227443,120514,698.5453629260845
85436,166932,198.6966287614217
430771,40691,1333.4168436445768
800567,313852,1499.4044745211843
594595,272463,776.3997394587254
602238,838905,766.110028383065
808515,706119,551.5887320317958
412878,311506,20.245418349571533
187384,698235,396.58816281515413
356813,25918,4767.161341094185
984969,80605,25.972776392206367
416960,252161,176.44386858419813
40413,419839,380.2297963846834
502855,936020,283.3485989115496
844831,34924,939.7664122012961
949563,879164,207.5713199654382
50105,543648,535.6942514175299
152481,610392,54.00922409848783
434435,785196,198.4085259895902
33464,845427,288.8239739028343
948668,30376,102.98031391232455
778579,957303,19.826642367023922
961715,161791,21.959006516885864
873523,352427,422.4940165981866
578024,353431,85.58552242886942
304321,853711,971.0815003615804
791435,103828,157.91443549767664
417654,64135,1040.4752634010597
749492,64135,211.27689948670664
185706,124806,225.3112484641799
350827,277274,94.27725079224311
51230,634974,152.68898034160563
399905,203088,288.73520583458657
857999,404332,291.47852576889386
33464,303562,274.75326771928246
184614,977586,125.15567242705363
973459,166845,395.57038678883345
377658,668467,174.94616731363683
704863,578968,146.2879080689318
633359,880878,340.19770803927196
235413,209750,1496.06603053013
465371,372684,234.89564636186503
98667,207572,389.9472331883303
619079,158396,2824.2262587479654
233229,768391,678.7767895688954
845529,63682,1418.265072565903
322585,693469,184.15120342804735
277054,405050,59.53047774138232
88833,744225,481.3760080980666
46456,914322,55.38094564372618
15762,668467,6.913796613452521
647391,657859,192.3457402076075
239727,683627,1314.4717935129174
501468,879164,96.88416731863018
642482,209007,314.7784351702666
3028,209750,710.0475926343405
212710,90870,165.5684596032671
472016,28920,469.24991763449157
166292,530577,828.5146709691189
633359,191894,304.41596324991815
277054,133019,56.9529354097541
835622,197587,2.8429191131851765
423178,667537,232.36066055803462
259639,974267,31.470322972278954
845634,419839,227.38807969486572
792165,134783,91.23003306144518
789430,155818,13.008561950213199
277054,343176,46.10475164195446
214829,191894,303.9080101136535
540926,279434,545.2761058492433
857941,706119,170.7228809718098
764096,821099,475.79383635355225
834971,733338,214.8181657771654
14468,675314,273.2541777796333
912908,493058,185.35972790479585
853921,172260,467.8227656099912
164135,337273,1155.53764626644
469062,129281,79.74846184725766
416960,166932,249.27184731167068
45937,904169,122.06034344935665
834376,169708,1439.4795191290461
909173,175115,840.3113423672831
920883,660174,472.1138178915922
965592,930577,153.92855281130508
406426,950993,103.42220412333408
103910,7391,6.405964681535667
730687,133305,1.758365612418525
629573,116583,577.3467392291936
277054,956375,93.0473781438399
803618,927649,837.8774637031338
275753,390190,146.24809768764817
680728,71619,307.11827734770793
676545,419839,1017.6799068493085
821622,665171,219.72350495448296
342670,947232,1151.85349940883
494923,282435,1008.5244522856185
6135,493058,111.42899431310914
931169,473976,337.63702207022556
655693,85370,551.8236372518013
492472,64135,406.9140582144508
364034,842353,272.8747324268836
25155,645622,323.4910621922998
677058,720245,558.4059347482504
422091,112277,472.1106311839272
170550,302845,777.2207799752484
402769,175115,713.335368360536
454897,516667,229.36672227158195
824555,28920,268.0479432224622
971793,765004,316.72107305822675
292771,124092,599.441111534379
103538,357600,634.7415598956155
124877,440242,123.65695478325813
706244,614148,159.03902730614544
88225,361613,654.9049499353622
699074,541838,395.97139207808436
459393,251377,161.24924154706918
607890,95297,98.87150381277573
369563,839911,85.07770385427249
421565,134783,325.8301890210084
72738,9090,5.807427508843935
396793,169708,567.1756396415598
594595,442180,340.71781240253284
971793,810277,279.63846583667345
445584,124092,127.37774592262342
189623,442208,281.35326071401886
617795,830738,182.58646917231792
896821,576534,321.07146281158947
743325,671604,794.6277646614012
960206,357600,85.28013359703772
49050,64135,1210.8215957631978
141927,618578,346.3223089047265
966008,5626,2316.792041999458
269980,674187,260.10963644746016
402769,85370,460.7335323913176
370851,943498,297.998625312611
625230,676985,358.4997942921688
995957,853711,495.97644188543154
539688,707607,880.1474809775053
155813,866793,397.60767418357875
144562,158396,262.8579838638503
50241,608480,21.12256162385114
504523,342381,53.461465783115955
757732,337273,1475.8135874629947
548221,282435,916.528300662567
951876,693469,174.63616680821715
287882,955087,544.3966699781811
890152,879164,367.88656419122395
320710,322141,649.3026780971691
638857,369725,572.8089480729715
546836,218845,158.09751089279916
502818,660918,290.6754809403147
725812,753436,1115.8436106070385
865119,332403,1292.4865256876246
568086,532822,260.7647274476519
620868,433133,2696.7287383221965
132031,555325,507.9513106475251
778959,332403,159.78852955047597
33464,750287,221.65797041242996
382421,270910,263.80745490063384
638857,845427,493.9139798306971
687155,158396,646.3447447320976
252634,21244,900.6448920233476
259639,503267,17.397698020921897
663510,676985,341.61176741735466
854305,303562,188.03059214523856
30564,812449,14.322368338795393
249741,683627,3179.9006411823943
204172,347465,292.9601676177659
91419,208721,630.1702132337397
749492,158396,133.94139565146267
713644,175115,519.5948118354258
196165,358492,126.7377869867956
411790,220331,146.72320530075137
929711,337273,2065.6812529842846
484907,134783,68.92602201286475
568086,576534,187.52913790109514
889517,516044,321.9442923117679
559248,429117,108.22540443324286
497387,807942,563.3845808561142
341782,633474,304.2476380459182
294105,546334,124.22816900617586
651183,974267,2375.640456183425
983674,196949,661.5684861984101
10146,644221,367.0122082176275
835455,618674,152.2263915100838
459818,652478,63.52206664694484
751455,712748,136.8485511307701
269328,567422,21.143461286125493
499932,892846,432.1543694888275
179421,442208,4579.797855997413
758559,516667,55.767146515993446
742254,208721,230.6895484092207
522992,830738,320.6357641824632
518921,962732,684.549005761589
593103,765421,134.7423999165737
85752,577053,66.65319068104372
149654,550395,168.56231099949204
965700,475471,27.965303638326276
84439,530632,1102.1489690979295
663510,528099,335.9361866790912
888300,923116,254.92578318556258
648669,660918,106.32696393254582
685892,442180,242.73888315085915
877034,263311,154.41886894592395
196145,442180,1063.6578078144973
165117,520816,229.71574318449336
166694,407954,258.6797475147679
709789,124092,1154.065784414011
452902,442208,436.4146642360123
49766,880536,260.0912580520397
90694,978372,185.21651480827043
582638,978372,345.70120438359925
548221,155818,651.2312771582561
3859,107692,82.01927165752882
33464,71619,262.1912123981752
460157,64135,297.1935219396184
239727,567422,481.5996297804325
253537,936020,74.05893341736562
567216,306419,324.4969919720208
807227,15238,1878.450776982642
614445,731343,785.4045016062743
690769,172260,404.75840134636184
541424,465904,515.205550436635
677984,222168,129.39372623788313
103910,858686,7.3206819776529315
617866,175115,6.198630029685861
278830,449058,328.6569802252851
711678,610392,1149.0612277295693
541424,950993,395.62491222082514
552585,998913,32.59394157588109
59627,322141,223.9684479882921
821622,695522,247.77162932263786
470255,510309,47.56839749873242
514757,90870,768.9527107710051
945089,634962,78.36827807041767
184614,297030,154.51212454661882
713609,62959,378.6839788953805
856725,134783,308.7468452384758
914075,205688,250.1582477230221
826214,701088,336.9009818983168
52457,175115,581.5692630524513
952776,361613,437.95635463040446
433030,54879,214.45345991529717
583366,24488,353.23215871393774
528461,866793,388.9793332391419
364034,841918,301.73138077264406
296676,163987,443.47995532216555
142118,24488,954.0129188895999
180375,122935,1876.9346229336272
588774,880878,564.2103425261471
13163,668467,183.27412922448218
399905,103828,195.86598974985134
319372,397791,1114.6758485378887
687507,359964,110.69513866580606
763494,142649,386.84587072017746
208084,285685,380.33759661358204
258017,442180,131.38230289788916
803618,668467,687.4529325090748
275579,62959,104.35387372032244
968045,332403,86.61893973495408
483556,805598,404.98717956992834
779448,637840,288.9666561243364
145308,516044,1340.4147731935489
939428,18383,566.8410563700596
252585,194983,241.25657507509865
305246,156463,813.8608008397816
803618,429815,3173.8761334899077
725592,710003,10.694915655182966
339202,737971,240.80525110818306
235126,322436,816.9475926133722
28913,13960,501.6193782361532
364412,681692,347.6418537504613
653180,176088,266.2439037613865
994374,412048,26.381334564547274
878123,955087,47.59306243304777
617317,203088,169.85434435050544
553396,490812,344.20453544747835
469487,361613,903.300904463664
67558,307791,3511.422610331406
278374,876369,25.069631978750625
700784,461718,283.7796820960915
623472,175115,516.2003468077014
320710,266291,333.6037341167465
702370,940359,513.6200296030223
834971,309284,139.85265763633765
962823,272463,120.39359196916664
142105,619680,458.7419839170093
100501,807574,667.0825211708718
18043,858686,90.49224645052519
294105,923116,160.40237266553066
87420,720245,233.55633861252133
499932,955087,524.640731345447
940285,172260,563.9828486869361
789805,577053,203.04985187588866
134594,964047,294.16198479589406
500189,389719,647.0781033244841
526882,878826,124.98580094478618
640827,21244,975.4756743743752
580763,259282,546.5033384747533
926638,359220,2181.539962917879
807227,67592,1648.3325420751628
280445,203088,690.4833832790351
724664,25918,164.89453942495118
106422,349340,304.2554772817474
224720,282435,147.84598967589537
18043,156463,121.0675032525309
308469,539831,380.0302510330893
523601,203996,444.1024275102604
783758,545918,454.5615388366488
212710,97764,135.95392024642535
731718,760269,736.9149578979353
736141,62959,414.33518962675186
694461,365434,351.0997781153647
235170,421331,152.4057439219931
236412,173540,358.95447208292165
772279,71619,1118.5315698077495
914075,110225,179.59496241476052
5795,268232,218.55340445462008
68228,481574,447.9328068124906
17887,15238,189.99836183277634
469215,194983,670.2469976789129
862531,397791,182.582071492643
680731,161791,482.0607067838437
177443,203088,443.90407102096714
503376,843807,124.03132896199922
933875,614148,1095.2670596423186
241456,13960,534.4744629842993
239727,168040,597.660528779934
902967,323714,87.46283352339867
960230,680503,506.7506719468417
760280,166932,2230.0731775904032
900354,33540,164.67766357261698
984969,76710,26.008301136718913
387838,765421,789.7528171007859
225106,567422,187.40542998206394
405415,199666,1289.8057727912328
415685,289302,1563.8390473980899
802814,528099,1107.1712325943174
873017,361613,538.4289945400338
718042,134783,161.58777856976593
190904,384028,9.422519580401111
351902,175115,223.32003256211766
974428,107765,90.549270136853
9421,861245,133.62007835554763
32806,427016,897.1740140752121
52457,219307,512.3628944682082
637061,354754,25.86299165915585
767243,810856,365.0279934436015
220422,885751,133.53629268745448
93095,217900,8.95186847940502
213799,211286,299.76490618565
505547,837412,808.9407329324807
729324,528099,483.0266996549097
539688,918042,5690.65031072972
835622,695522,5.105348214965432
519934,429815,127.66732610480322
52933,217961,287.09459378360174
395918,792241,247.55885689742735
360936,354754,16.63559897591055
846666,614148,145.15412813925454
452902,404332,117.22333936076059
517362,707607,824.0262542118667
891512,244124,764.3425498932723
862066,853711,912.0040268351136
461869,701088,62.71579674498745
606750,384028,374.7911789463397
485327,841918,511.96977688472987
50241,431125,8.290173021190283
383577,617660,255.64739388795465
38683,43041,1154.579732210566
593162,453204,579.0451847144798
90694,219307,190.57170369138066
726374,254605,178.16251387778777
983433,467336,542.3175318070638
831804,444328,538.5114157552767
833800,359220,158.0933411199208
402936,617660,1203.9594972019447
87420,720245,233.55633861252133
898415,22989,164.9649392974939
983979,614148,374.26577357060256
804583,143052,840.5408385108959
916590,250431,107.36523701203981
782910,134242,154.35185892179462
472734,453204,850.9200414738582
72444,324722,274.9986414093497
614445,693469,380.2993426456287
943078,266516,428.9965596448613
980347,945506,1107.5351592505317
257737,828986,117.52508376319865
984969,62959,29.75408261131432
336630,7391,29.178388787100843
943753,701088,396.9825036122633
240589,134783,723.189787417297
68739,178147,201.53602293556148
933875,821099,1275.8520221139834
639932,175115,353.0490684829957
394479,442180,738.694637393732
462373,407954,386.2555456039747
909495,617660,109.88422599889614
949563,731343,257.0992237893091
377863,762154,435.22001470052066
385467,38684,59.497257342217864
170321,608480,633.5875241412475
900354,926341,187.2468757820192
778959,712748,156.86864015842676
560178,282435,3679.640162158972
820777,878826,289.200906218881
960673,265964,646.2127067609217
886454,812449,96.64505106208296
562020,965622,809.7941100621596
377319,419839,87.10724849829982
675367,366172,5.071910471698111
387838,567422,771.2095772550003
767217,113347,494.67958552930577
560009,706932,52.843432190813374
654187,950005,602.2859677169153
290643,416657,320.4580831890235
386404,853711,658.0522878832442
55053,975724,137.0898563923637
365616,212366,150.6556466623569
640322,737971,366.24727451169286
573417,789786,804.2182611439363
709789,569289,777.7981029917805
946410,926341,183.13913764443907
229999,322141,539.7029758181542
940375,689582,313.54467072331704
198599,306419,667.3568933323846
981277,530632,158.36790984440745
36420,349340,193.31745520072522
24901,352427,83.8647918040078
409386,181501,993.1002469166887
412878,930630,31.21472924027396
112134,289302,1153.9919968677957
675367,156463,6.563831734552874
975124,46820,508.1712471240827
216482,631627,576.5897825977872
144562,577053,175.22344482158763
254511,828986,423.23182437463464
960230,138281,304.56078315739757
380320,930577,212.83054884100125
213860,579967,45.107231692665195
383236,914322,104.02920974800757
905328,544583,533.8638989807356
21793,54879,485.23225366437765
322250,149616,953.5604808556257
798855,297030,259.7665492218898
835622,138281,3.421085820054463
393955,978372,334.1191582415331
865822,417921,373.18595668439775
616467,516044,77.16102641983626
703680,46897,185.03875204935392
550465,453204,581.6949939738881
654489,357600,409.91494148089697
991074,853711,467.7818443117242
632109,268162,1360.1609643047573
596439,737971,242.52390740214528
865119,689022,1386.0438500085272
253537,947232,103.45958121478546
83635,59550,572.4740510738037
769063,834789,294.64833609997515
517362,342381,657.2193588268906
49766,64135,426.5050367814183
980278,85370,337.95948692427123
511970,722609,156.7603506552865
24356,11502,1005.2726729707988
368452,810856,953.1996107033168
656073,580997,783.7892504170085
310461,589532,2718.4435989072167
367563,659843,119.56037437497599
391289,285685,317.61613832481555
976972,303562,487.6471563184913
510457,175115,747.7941747296362
376613,384028,605.5505323297876
789430,785196,20.086629495479382
226076,407444,1605.0281503761116
755948,561941,267.19901922851284
511164,467336,2080.837779874401
151062,720021,219.18513943465925
170321,166932,356.34345585121514
508816,683627,183.3648236731582
738689,892846,25.786863271596083
144771,244124,560.0518449387938
881238,176088,126.09359253804006
803238,977784,194.37025424166703
539688,63682,398.6975856251236
680396,219307,269.1605775338618
930068,882140,532.6907864460901
212644,432427,337.09960299487653
900354,419839,227.95100991240665
639932,845427,212.92015022593662
216482,39515,704.0259851987502
550269,181501,122.86074774890162
132590,543819,190.45960559156197
481517,516044,436.73644068899574
798855,866793,350.1928397627607
75683,24488,403.23863484398305
135234,898797,693.805639360677
12778,577464,241.31909290395114
727821,356630,57.60159567911904
469215,107692,646.2060950788533
820860,598237,352.78622457920187
142230,837094,126.73139528960742
715340,735702,65.83639667183148
39732,944806,1851.8678624476515
681518,843807,221.7278101310963
277770,714905,306.6275136440833
396606,24488,174.74398601255373
834376,133019,936.783898387696
504523,453204,63.416628230755435
544870,912372,1098.399431022504
828735,501406,102.43203771392145
196095,662929,260.5834027411137
342670,577053,937.1740860927728
560009,825117,85.54040877811677
101403,714905,435.1609727860411
892315,176088,295.25803354754595
951876,784421,214.54681516241303
909244,209750,556.132218692836
900119,85370,16.098437617576458
584862,158396,593.0771789063024
687395,524197,43.886873981173636
609299,942223,102.9596960824926
249741,546334,1658.2193989077737
32806,539609,682.7806942282626
978528,683627,1908.262436575037
459818,66853,21.940486291151903
837613,465904,55.53218904283934
749499,639983,241.3878458273817
950407,656648,68.74186854271262
735011,64135,812.5574805496263
779381,467336,341.941019312631
647391,795954,147.9961279241487
293697,68618,1205.822224918543
584862,809762,411.17038199625847
984356,885763,578.340215347614
786116,175115,174.65972028596627
103538,298381,551.6510326313137
759507,789472,144.73794506826835
72474,259282,139.4603141829526
500189,902478,567.381746267192
229536,107765,689.73359720032
226089,508949,171.60606128297545
725812,972871,708.1703177908521
767217,175115,1358.6264356438132
968045,442180,209.39797219999738
444135,181501,414.27687628444056
633359,301921,339.93833288957734
634006,156463,925.1364405430852
520152,322436,293.51198682850946
275713,493058,233.26083793130596
879323,945506,432.5062546873075
275579,828007,167.88333781078018
607020,178147,313.67490536319093
322250,772796,832.7314157599151
492335,539609,1723.6431368808303
226184,347465,71.46414902753102
898415,389719,182.00574920273198
105101,246334,348.82961081867546
204933,161470,79.58246746781664
939238,603814,1.2245106456042938
68690,683627,1007.9569513880099
133694,88581,288.07043116006923
316303,285685,257.5659017103652
87420,257446,183.77394490967743
136343,2864,69.89779742602795
402769,697735,147.98285694595018
953413,247498,47.16501771275157
627954,203088,116.5230403136082
856942,30048,144.3661790416179
931636,546334,1056.8846629570382
711678,337273,2056.7208219158983
441435,311506,176.40363160693133
475415,73778,515.2042901317028
858239,39515,98.07246087155944
881980,369424,705.7820907258541
567216,430087,254.75322706355885
596916,168040,527.9409764513819
18043,712748,167.55861833878893
525419,493058,131.13796697790085
110476,506071,470.5183036210299
991074,193572,309.3517197867533
278374,94700,17.33422009131105
308469,943114,425.94190129768214
555524,665463,197.79842036318237
878123,508949,47.522087529788685
285752,158396,227.4648904128788
462373,155818,409.29791656366234
809388,880536,5.877754439234636
513869,731646,335.15068621384376
377658,689582,211.03761096934227
864274,417999,537.8416352813638
351038,682351,934.2509725642213
67558,957839,4078.9949016076976
968045,429815,406.1726906567449
830138,807942,337.5423065248497
824555,622212,208.39193133492293
235126,400730,609.0711669652076
21488,332403,483.34425014406787
601148,671604,130.8698296826644
140616,528099,231.3030336506099
183697,161791,991.4595065598861
200909,728573,357.0630764312472
932825,776827,657.7451018317151
443018,652478,440.2609618341633
698431,323363,1125.7505450305177
147687,894544,280.6866065971525
304970,618507,2453.8158628248298
891512,543648,1000.954248389553
825437,561824,421.73347067029493
534751,515741,491.99919709651874
964784,231924,174.13874385799892
411817,398431,408.2405327868884
1539,341932,1371.9483419465967
600619,799335,120.48949585594357
183735,974957,423.51264371562394
519266,831838,1934.3169753473016
459124,698235,113.57175416670285
653727,788259,375.0393122303017
114939,289302,390.12460757919433
219737,733338,530.0764052462555
584862,901795,520.9039362389982
983433,505424,332.3725928557251
138166,684955,2161.3994901333613
583328,880878,503.8848287698313
555976,361613,117.02116781463151
749597,311506,721.1329209875868
456045,111351,192.96893252617141
363327,481574,231.18077353750942
396793,30048,324.39889746495936
540742,361613,740.4865265821888
902967,501522,57.60474169326992
255026,132660,331.9809435522663
33121,80605,329.1652497036109
328648,173210,502.40196040387724
607020,449050,363.10743643790994
68228,268162,352.4865666971769
358531,890120,186.74073498324518
788474,276204,159.28629051139507
596456,665463,665.4553234433645
500785,539831,45.73263646534996
307077,853711,212.86564840890034
897590,878826,752.1953777059803
290858,343176,395.9657092929186
200909,830738,370.58266714684146
656056,941421,681.9195750774055
100501,785400,525.1573154207235
738728,498393,2170.0384799335166
640827,301921,1027.6326554222435
5334,325135,127.56783257221622
149710,46897,622.8868105595977
237818,736860,422.2651310808184
26577,228054,42.32601303802057
749519,168040,326.7836700019909
826268,426874,305.1730096035473
455432,866793,597.8391287754878
235452,196581,433.7048478682803
494923,467336,828.4128832655471
406426,289302,153.9452270101944
856942,708270,141.01315734028515
873129,13960,686.7062240294026
956139,134783,43.53629415948593
677984,124092,117.54806682481428
748398,325011,166.29033190258957
606750,634974,235.79988575430858
665381,417921,157.82817253943955
751455,272463,122.57805910765703
73080,765004,628.5973218682426
98012,498393,307.127740106939
455432,720245,583.7102521479203
303118,308431,107.41474398802262
60438,464465,196.9315831657481
502855,48739,465.22895721555574
681584,322141,82.42132204397271
662690,425848,227.97846924501076
742254,681692,354.24708425451144
302297,799263,144.95909372161734
164135,76710,581.4602027215906
295548,62959,80.82436081332847
49050,121800,665.5569673947236
611037,363377,939.0515021648453
46049,546613,622.7971888015011
330908,429117,184.48321951247365
200909,546334,579.2040222304735
801034,581871,261.94246916957354
716303,950993,164.94773834272624
751813,337273,735.1004895080139
790396,742056,63.15154102431532
192054,429117,605.1821371482928
626453,368515,2502.411528211853
288324,558292,644.8943988651795
584565,652478,992.1383785610249
198812,289302,124.36628366642734
363327,343176,267.9016809626754
176789,753400,188.22658154684626
379529,48739,170.22637232144513
529359,95297,418.4475437952894
951876,543819,165.6262291049828
428286,59550,592.3785228852362
952776,662929,279.52321775101336
444135,353431,281.4508383782315
888338,964047,334.97429971089014
30727,217762,715.035447163271
691588,427016,221.38018260231698
655693,849673,371.0657320838059
263244,826122,206.9127957259866
119426,853711,5027.9587153506145
912908,676985,234.6226904097809
812593,235165,184.79945971759489
40056,158427,669.4840751757442
303215,998913,421.94506952994834
195074,419839,3.881733956985485
871393,203088,426.4602372531142
406426,64135,236.6883113809084
527585,352427,426.0172245007004
468051,693469,457.23661015711525
299012,79564,372.7897682468451
826214,845658,232.83140282626007
771079,880536,21.88054437545331
501724,430087,410.3880291139353
522694,516044,779.9096162319266
766406,956375,123.80977443986365
652162,731343,533.984539621363
42287,59550,264.5026028329284
723328,257446,52.04629976255136
521751,417021,111.3158347991957
356813,565101,2104.274211385606
711678,707607,1789.348904141381
843911,337273,402.5455522953854
65347,998913,130.10041299343874
768985,85370,186.67786567515165
927322,397791,1081.8858559082623
514757,172260,812.8201045070007
904490,85370,388.8489066130972
29341,850645,900.5697862961745
255026,880878,380.7411025416989
680728,615346,247.43928847224205
189623,206481,91.6577771921968
783758,870565,291.294621860299
146170,404332,2062.0938227508723
492335,530632,2252.789545980392
151121,494777,231.92328193168902
718042,282435,223.4303857084849
198916,175115,458.3369256638145
731718,68618,1446.5405495612429
596580,672708,186.00460543640045
751813,332403,517.6853305076809
200749,283094,2372.1230995970222
826214,668467,122.55027401328603
798629,947232,1396.712092154303
483900,212366,263.4989499579814
694983,690691,127.55972130636519
5795,603814,252.99237149034244
103652,841918,737.1703776451128
662733,419839,525.8593027837686
909826,926341,1329.981147406712
716303,244124,285.4637730245852
758559,124607,48.91025356019699
272515,124092,2288.9912539251072
809698,357600,442.2757216792571
32513,498393,263.6798501275957
17887,378771,279.2573279464245
529359,412048,426.5945077909755
446114,124092,1079.8457558911407
360729,681692,472.4027751145083
691588,657582,181.21291273916432
726374,682351,530.4644524330298
522150,639983,147.0433493352923
495790,176088,765.5331095620024
698971,191894,982.0464134541098
845632,913129,30.609795131888404
46098,896302,26.388017098581685
996946,256944,3959.890755258367
275713,550395,351.4496054942344
428998,608480,434.1452271112918
555699,251377,89.15353802964532
777468,45127,418.36225971003023
312559,362489,104.00221040227378
790396,112419,78.30851274647893
764143,914322,139.6005957938854
174752,85370,253.444659966377
398903,161791,2275.0173829380064
104494,962732,1207.736350825621
454013,535885,95.99124228282314
790825,159780,166.72381657039458
182339,643049,13.438889698625738
596916,357060,293.68752561271134
382421,231924,485.755178768131
292139,289302,341.1924837087836
893916,924533,2.2058268467597
535801,332403,639.5730588562676
784451,359220,186.75557866820517
187469,660710,1027.2315665825902
351902,181501,75.80993357836464
476123,25918,699.7292053899812
117648,467336,1369.5373372148736
508580,728573,178.9200098230594
46079,528099,228.009931589213
680731,618674,204.07262337403037
263144,197587,285.0266124748655
456096,454172,184.91159110844845
434435,43055,189.80792539348803
930582,491725,167.5758375495169
469180,342381,293.12564257653275
723328,307791,45.947396821343894
101021,682351,2191.9210468663923
177443,464465,513.2544297198847
104494,366172,734.7424413797365
932825,417921,609.6754794313085
921349,918042,61.921712463232296
5334,375031,188.785596203768
360679,765004,124.51055361775768
889517,159780,288.8181521085653
792165,617660,115.1333472293729
742254,64135,384.09597869634746
295282,245332,83.43773806639061
548651,175115,196.49307374773204
325302,996452,810.2819472029585
220422,898797,120.72364323194829
582638,87843,299.5015088565653
781590,34924,402.26697792813036
781590,192063,483.14556261461354
881980,797471,459.336189880616
519266,63682,2218.7412250733496
917331,842353,1503.7157979371505
338199,616925,902.4452259649731
536587,199666,11.578520117894842
674938,127368,146.81581250299797
826214,285685,253.8836505243113
685281,306419,157.0324161797937
145845,357060,226.03730617295292
555699,175115,191.8213748435769
846666,913809,101.88426584447643
458072,68758,504.34428991416905
504523,134783,56.06894098673451
398335,493427,1105.7523697724755
166292,558292,613.2109679475484
550465,481574,364.96224011905457
197548,354754,160.11344418977706
179421,810277,619.9763651154436
889399,156463,1161.1604215653872
853921,103828,478.9793568984152
157559,272463,2633.6172502928093
945432,720021,73.25327448249773
803618,347465,684.8891046021815
416958,701088,410.31303615737903
162306,303318,344.21389758310954
774992,354754,28.143206056535853
109576,943114,119.5373783630425
887152,111351,210.3566287664769
25050,998913,88.24240498582903
994557,332403,572.8728912546504
454897,865987,185.8672173207375
767243,419839,366.633509241521
834376,124092,2952.5428564116255
154186,209750,10.259429077724525
322585,323714,99.6532606449019
629329,442180,50.20814585953976
641245,845427,1336.7577642660933
728367,419839,41.0325618882906
635419,481574,348.1670696520368
302297,359964,101.36324004937765
897835,902478,936.5294972791535
593548,984203,311.26178511735395
128643,617660,427.80382273911374
278830,342381,334.8526938609784
32820,556622,861.5227812091155
873729,926341,490.5116840730943
347609,30376,430.4904530917599
617866,984203,2.593596909468726
594395,577053,161.12419616637027
889399,111351,874.7721025875325
237818,887902,466.6822729677456
280445,853711,1788.7683078951493
504578,647752,143.31244295352542
873729,742092,585.1192408668622
434435,175115,347.7210700582681
152481,834789,45.838506830734595
199187,161791,70.43156175684877
930675,464465,395.13687995454063
773773,765004,252.38793599156992
840888,760269,114.8409684054411
144562,30048,222.00605285988092
831962,549883,375.57035334860086
162330,674816,251.698625730158
508803,671460,66.69270543641117
627954,111351,63.305365149481254
789805,577053,203.04985187588866
820860,70926,484.64721817163746
194721,76655,575.2976638482617
194857,693469,539.6785303892054
566734,379168,82.01830509804574
715340,923116,126.64514271052012
218312,505424,396.62117492321283
296676,923116,639.6817573911444
166694,892986,394.05263026557856
402936,134783,746.5711742399932
253522,720245,991.1432055707327
447968,640643,281.9323172885288
288324,112251,639.1627677038107
80991,530577,101.03392083217157
413862,176088,154.51174510086946
384852,930630,638.2725809154787
115791,530577,237.27421610670388
196767,219307,160.7117452845162
713644,712748,792.1454771460071
306906,968423,313.61349021059334
102809,230551,84.7299329485598
96798,695522,218.55405438581036
947148,378771,480.44776998287136
914527,218845,151.71821064664422
415534,141278,891.9979584101084
545414,161791,211.26112013187125
849071,569289,3407.723694630968
757708,828986,11.340809093331211
9797,539831,576.9234957026683
363659,879573,195.32616635898663
633800,708918,72.17671560587782
846009,85370,357.5096045462623
326381,429815,430.79473422822815
303215,695937,493.09745922181526
960673,751476,901.7033050220431
255026,680971,296.45343114317956
563940,357060,68.43056888351579
779163,182948,708.22394788324
208084,378771,411.6579360268489
106743,21244,114.68860961905422
28913,107765,542.6236338784236
13713,419839,190.09467119095723
290643,359964,241.40815617285998
500846,785196,375.5524312020074
875919,772796,28.9652989128088
824555,825117,287.1849160079945
573417,337273,1201.076549425169
432054,589532,467.11132423361136
411093,332403,653.7932495807758
727337,382847,272.913299044339
528461,454172,448.03581556457743
791435,698415,149.72239376523638
679489,444328,576.2102395334499
183735,578968,646.4120938594559
619310,337599,214.38206729807857
633359,191894,304.41596324991815
959850,922019,88.96831630073733
723044,589905,1550.2336574860212
454428,278805,362.8377026616699
455432,95439,648.0254824095948
495790,879164,1344.5264956901096
700784,477242,484.5085824477724
860559,481574,233.91227975821022
233713,442208,1150.4854051672646
208084,998913,506.92858254435157
791435,70231,199.75490741517638
937704,941421,568.3571908020457
240824,636297,451.0337535747722
189623,467096,93.48077705657907
773773,311506,162.40148298910515
216482,631627,576.5897825977872
930582,682351,429.92612608596585
508803,519863,95.93482406882511
522150,831838,133.5020621373436
731718,366462,575.7064922582751
479968,797981,26.381680870678128
208084,593896,438.1074077621943
492472,842438,250.87137380166334
389822,154796,243.29977002975417
322250,490313,665.3084376899609
50945,289302,357.88462629150865
376613,853711,1319.2553026553016
46049,728573,700.7611060809098
288123,191894,211.07747357930907
941366,615562,487.30938791285786
573417,984203,496.0551165761224
456045,368515,221.268025992587
153473,337599,408.59560789169274
98667,998913,419.3906496076732
617846,852932,862.103883238029
537780,735779,571.6047481089668
10243,992122,268.53188211704014
233713,366172,257.54454597141836
434435,821099,274.7526376861025
510562,230551,353.2156841583563
193676,158396,543.5280918807591
120748,660174,104.02939756953903
900354,442180,310.07079498247367
220422,582264,157.9489682625921
517910,546334,92.0972759393508
178381,412048,256.81905335106524
217877,138281,236.42648088474093
160817,33540,207.23976769361227
839495,975724,198.04322085634996
255620,124092,230.21636902252678
772157,7391,535.3816259774137
187469,6139,775.4477739694693
374927,653526,470.7878519303831
475311,124092,47.14286678056916
208084,285685,380.33759661358204
60438,282435,277.9292845432373
280445,918042,3583.6183645786114
144771,205688,411.20496000870463
961018,785196,70.3664517870528
954515,877336,1406.8758828181822
416958,662929,298.41602590505596
634006,926341,780.1400099260103
936230,560212,40.56137378427588
318384,713381,308.60070851692797
443869,491725,361.89103292966024
600619,481574,238.17752445305666
834971,64135,420.1457935806891
831804,151958,305.85877183724836
87432,876369,267.9524252866382
264895,569289,20.554613366896128
968045,442180,209.39797219999738
54907,652915,130.00228105393666
926602,665162,424.6149726618759
533645,975724,838.3494912137492
293697,955087,769.079112621032
888300,845427,182.5123062565874
400867,217961,204.39063165765546
430499,280800,496.70702090415125
10146,799335,193.26448078717607
981277,964047,182.55086548891694
23921,936020,36.83700074404383
949563,681692,210.76896049988972
61112,633474,222.94950034875285
265728,30895,512.9564853669874
681518,918042,846.9009504753612
430499,681692,706.8459956484116
778023,680503,444.84200106357173
14688,959059,1021.8878066075499
40242,59550,1.8575487132855415
617846,892846,1134.0780484144625
361097,626176,198.82751266263017
767676,531167,11.838857900475658
528461,710003,461.50050784193314
422091,151958,266.00761775002877
749597,203088,1510.8423300153595
47560,378771,61.65672543070359
780239,200862,219.27938592470719
470255,694161,26.41371297358121
974428,532822,89.49072975964211
448151,638106,103.25498182053322
857999,85370,355.321361687829
364412,576469,202.21177581491614
475415,73355,513.3106550756049
607890,124806,66.00764538851797
736141,407954,306.6330513379825
184614,964047,156.7418955102381
990076,458201,125.68958531702457
504523,453949,99.56501911680903
592059,835492,267.93444823611657
235452,556507,392.0863491157932
143176,782278,247.2109139654548
44162,807530,699.6092779867778
368452,810856,953.1996107033168
517910,429117,71.48215272976691
425980,21244,198.83790110538925
98012,736860,300.342742566692
257737,322436,152.8824809451978
352318,369424,104.70354881347558
492472,579967,264.6667548638833
945432,132660,44.75721494846983
518921,323714,582.0613884081913
208530,247498,187.06446931617165
522694,366435,1159.5618226116073
119426,203088,3325.053354848994
374572,467336,497.27521707995527
154142,90008,442.63557657110266
838520,676985,346.25421982747775
468370,357060,969.2127779681729
277054,343176,46.10475164195446
975852,467096,688.2610045524726
331478,166845,719.5631257059688
810801,313852,481.52586044386226
969286,626176,537.817584036123
779845,817299,120.47411629185666
149050,882140,551.1918694559218
971793,918042,957.0773976689223
45937,23763,94.44295375509027
235170,569118,113.14651680274791
881238,271305,107.74278070461737
640322,43055,408.17203045768264
460157,991841,114.20596157449616
162330,947232,131.26951085912043
160817,923116,480.92147556181374
501468,809910,69.8412743231616
725812,710003,778.5020708457125
212425,799335,53.289846457671125
85752,710003,85.98833584809776
618019,94700,198.15635543009097
941366,161791,767.3319896474309
980347,143052,1316.4146183953305
90148,46820,2364.6653996240834
68322,442208,100.34552653543861
876906,95439,519.3370888180862
909495,693469,99.0503602836825
393955,437502,296.4410653823721
916590,467336,339.4018546314094
59627,676985,216.14462687940923
154714,956375,110.33066826043017
561339,305861,14.691637434570572
742254,814031,240.42143046175474
937704,913809,784.7076791098382
348868,639521,57.058827546516035
98667,512894,342.0115622315689
381520,955087,23.544517150927085
90148,359964,2214.602917181231
147716,555325,319.39515930112805
28913,528099,771.764321739649
43130,404332,311.0352775455751
411817,710589,441.39099974423334
747027,878826,142.04921038109973
290643,695937,300.47102380020124
859160,965622,181.32598097700114
67558,530577,8314.397446154884
705632,817206,58.88721708085049
173252,358877,270.7032985171572
540742,610392,340.36904415934674
301337,203088,321.5654717755848
749499,244124,384.2152029340191
264058,64135,574.9993793420722
971793,354754,263.7106880417728
564398,407954,125.31262315864649
890152,342381,328.7853942873073
383236,412048,154.65511883668577
324193,582264,17.794202890516427
513326,66853,78.7364096980975
672617,580528,1268.1838752789477
784451,419839,186.20360170692706
583085,642163,288.05516715915115
858927,789786,113.35294692664495
834313,701088,193.80697551124976
527866,593407,141.16624558993357
515608,354754,140.5639642263739
195691,378771,196.3377873719005
423178,528099,388.67821929024313
940045,880536,788.559412690577
552585,998913,32.59394157588109
149710,124092,1575.7671289213656
266071,247498,105.02426438184916
820043,87843,254.09364257034701
258017,683627,184.48650998472579
411093,550395,873.7145536399984
501724,318504,287.765669769868
580347,110225,1654.6520902580821
883476,384028,42.16487080025959
498989,43055,794.3975712252791
166096,643049,290.3861915360288
350287,173500,142.91506785863845
665978,812449,306.6227159565342
980278,203088,260.22893852928723
16154,961450,43.270587928702916
113887,722025,864.0604097886954
689551,830738,261.6304009961277
411093,561824,435.6076623906585
369563,828007,65.37344581165127
852394,467336,1527.4051476890259
240824,282435,1231.69925026489
33893,475187,76.49539714401007
763874,11502,2625.743775518538
950407,45981,62.84265142315066
456045,429815,309.2225694521972
69792,482465,295.68090632166127
476123,753600,620.9724127438777
779163,712748,1154.9200262707084
485906,545860,103.8068712836275
877276,765004,419.66458083080744
299012,109628,251.56948352558328
98940,24488,1277.5164344568448
29847,65027,97.63757859834537
416960,138281,132.4478012424084
548544,149835,1082.1613243990487
626591,689022,89.59206160484136
674728,993433,409.0951097870689
607020,107692,336.3749802149373
224720,834789,87.13341071747583
349749,688024,204.89147694397033
617795,697735,149.15284361851843
515608,710589,191.44174199647924
69175,39515,181.85254866430188
128643,617660,427.80382273911374
452902,134783,177.71136349479613
890113,697735,12.699858793814913
292771,46897,106.53876330546507
757708,839768,11.567011169002635
763494,638106,555.2473979751303
500785,803231,30.776430059731013
863817,427016,78.88812768048321
983003,668467,83.68123292848604
522694,864429,856.9623597612451
43101,662929,261.01663089539
517362,332403,652.0142742272479
534751,59550,474.70169587394804
594395,113347,129.3544741624404
929711,950993,1052.4959658631399
255026,244124,375.9118877533267
287882,298381,309.2242831989735
280445,577053,338.58281644372806
648669,357060,130.08296063777115
550427,195861,644.9551752329946
645071,676985,383.88429921098776
453432,288799,11.172342584079539
803238,235165,201.00820561698978
165614,134783,11.039125833242704
887152,429815,305.8980655671067
216482,838773,767.899031860124
425517,516044,117.16819525849264
860559,449058,183.51549334529412
285752,837231,163.96177168297834
641770,2518,119.77332025247365
109353,168040,1378.2148658492126
834376,660710,1588.3861307498692
32806,652478,1420.63152530898
235413,244124,1491.7604592310402
485327,276204,402.13002343080615
367563,680971,119.98315737385256
100501,494777,453.8838819693243
696596,205688,88.95612022382687
583085,121996,265.4263210898891
847991,71619,144.39728350370135
117648,209750,976.1368054094097
439902,544583,373.85625427544
377319,593407,58.30012616434455
198694,282435,1168.8867363795468
463435,944806,36.687974883346904
272968,168040,227.0645826509926
172715,779403,239.22587586640404
144919,419839,198.61942661987254
782910,644221,242.03246840576242
185660,841918,1666.0207792195367
539162,22967,91.75109284309853
680396,874488,209.89032905420342
454428,134783,376.06928682594975
952776,85370,359.64195596605765
629589,440242,502.29314514909265
274429,313852,291.14378405876124
295282,972871,125.64566765439483
277770,493058,290.5043921547841
118098,141278,834.9248415254409
425517,831838,156.59073880817834
285752,191805,218.61471443675532
86582,70231,284.4050630086429
391445,918042,429.913046373253
817147,746858,205.84612811871708
417654,875119,536.1788459011269
553396,356630,313.3536551724231
974428,64135,133.1870655591507
239119,50627,329.87809183803995
827354,231924,264.07250926223753
926638,672373,1741.9666745211302
485420,890771,2614.51691188717
217877,926341,362.2992819746986
854305,303562,188.03059214523856
589745,695073,3.4197723664289663
138166,572683,1556.5714190997755
611037,767751,771.5652009242863
508803,341932,132.49532537540594
343297,244124,182.27232116488446
560178,845658,2453.0931876356735
364315,924533,6323.974968876343
672617,62959,1419.5452632173433
447121,545860,982.4961907437788
723044,230551,954.4903228932067
473629,831838,945.0981317712326
46079,586320,178.19949437006517
842403,618540,302.51187827604167
184614,945506,120.99738454084572
536265,913809,155.61087723414707
812593,681692,408.64485242449666
263666,181501,118.77570947266744
923376,279540,374.4941972890745
615851,956375,179.4632654253673
677058,64135,755.004668811687
849071,918042,12472.289062190222
555524,257446,105.62998711887752
588548,530577,823.0897176050244
875987,432302,270.03083388877235
826214,442180,287.04279553212
270111,217762,613.6061933978167
620114,528099,1150.2444101285898
983003,668467,83.68123292848604
307066,155818,55.04940834562459
623472,15238,271.5036341640159
887152,278805,221.69602245079142
517362,155818,545.7744365165212
687395,138281,43.929132686857386
329721,219307,1400.9883871110098
326381,685277,325.55991382007784
714512,892846,1250.5878169021337
266071,24488,260.0652766092597
956532,24488,81.68714084494071
112134,322436,737.1347370372226
519861,442180,212.81527635268307
74832,866793,321.2736394669254
975124,244124,574.9217528188946
302819,419839,2292.1249874179002
85752,467336,126.3598704687493
983003,287317,115.47267661073795
597966,64135,443.8246289213845
259639,481574,28.270191338807876
880633,398911,236.72290721734026
307836,810277,97.61139517997223
428998,62760,226.27071659225697
379357,378771,122.58304319250792
888088,154970,178.11645809413952
791263,90870,83.7107831111572
527585,918042,917.771025208293
197117,765004,425.9829505868949
38878,225992,530.3455017440974
